{
  "version": "v4",
  "repo": "borisyankov/DefinitelyTyped",
  "ref": "master",
  "path": "typings",
  "bundle": "typings/tsd.d.ts",
  "installed": {
    "mocha/mocha.d.ts": {
      "commit": "957f67316813592e870ba5c82e0f1e780826fefc"
    },
    "node/node.d.ts": {
      "commit": "338f9db37074d197764e95a487ddb865c5f2d73c"
    },
    "nedb/nedb.d.ts": {
      "commit": "3b0f362204ea965952dafdb682a5274d527ef9d0"
    },
    "express/express.d.ts": {
      "commit": "338f9db37074d197764e95a487ddb865c5f2d73c"
    },
    "serve-static/serve-static.d.ts": {
      "commit": "338f9db37074d197764e95a487ddb865c5f2d73c"
    },
    "mime/mime.d.ts": {
      "commit": "338f9db37074d197764e95a487ddb865c5f2d73c"
    },
    "supertest/supertest.d.ts": {
      "commit": "338f9db37074d197764e95a487ddb865c5f2d73c"
    },
    "superagent/superagent.d.ts": {
      "commit": "338f9db37074d197764e95a487ddb865c5f2d73c"
    },
    "rimraf/rimraf.d.ts": {
      "commit": "338f9db37074d197764e95a487ddb865c5f2d73c"
    },
    "es6-promise/es6-promise.d.ts": {
      "commit": "7f07bd88d1083e995a0dae317a333c9641320cc8"
    },
    "body-parser/body-parser.d.ts": {
      "commit": "6f6e5c7dd9effe21fee14eb65fe340ecbbc8580a"
    }
  }
}
