{
  "version": "v4",
  "repo": "borisyankov/DefinitelyTyped",
  "ref": "master",
  "path": "typings",
  "bundle": "typings/tsd.d.ts",
  "installed": {
    "node/node.d.ts": {
      "commit": "05557455c49043ff0189182e27c9e04403a70802"
    },
    "mocha/mocha.d.ts": {
      "commit": "32029fcb4e1a3ef8968711b545d77b584435729d"
    },
    "moment/moment-node.d.ts": {
      "commit": "32029fcb4e1a3ef8968711b545d77b584435729d"
    },
    "react/react.d.ts": {
      "commit": "54f064352a3615443f7bff4198078db15e28247b"
    },
    "es6-promise/es6-promise.d.ts": {
      "commit": "05557455c49043ff0189182e27c9e04403a70802"
    },
    "superagent/superagent.d.ts": {
      "commit": "05557455c49043ff0189182e27c9e04403a70802"
    },
    "flux/flux.d.ts": {
      "commit": "05557455c49043ff0189182e27c9e04403a70802"
    }
  }
}
